episode,reward,avg_loss,steps,epsilon
1,-4.7000,0.000000,200,0.9970
2,-14.6000,0.000000,200,0.9940
3,18.7000,0.198752,200,0.9910
4,-6.4500,0.121411,200,0.9881
5,8.4500,0.170776,200,0.9851
6,11.7000,0.175126,200,0.9821
7,25.2500,0.140820,200,0.9792
8,-8.6000,0.210250,200,0.9763
9,-20.3000,0.221721,200,0.9733
10,-3.2000,0.182642,200,0.9704
11,-9.6000,0.286522,200,0.9675
12,-16.8500,0.293440,200,0.9646
13,-11.2000,0.300999,200,0.9617
14,24.9000,0.322353,200,0.9588
15,-4.0500,0.407991,200,0.9559
16,28.1000,0.396563,200,0.9531
17,-1.2000,0.587883,200,0.9502
18,14.8500,0.604941,200,0.9474
19,-9.8000,0.533451,200,0.9445
20,7.8000,0.607858,200,0.9417
21,16.5500,0.700974,200,0.9389
22,18.1500,0.854369,200,0.9360
23,4.7000,0.847861,200,0.9332
24,7.7500,0.937436,200,0.9304
25,-5.4000,1.040731,200,0.9276
26,-0.6000,1.267170,200,0.9249
27,10.8000,1.291075,200,0.9221
28,-9.3000,1.382939,200,0.9193
29,12.0500,1.629552,200,0.9166
30,30.3500,1.323653,200,0.9138
31,-1.0000,1.363708,200,0.9111
32,21.5500,1.721986,200,0.9083
33,17.2500,1.673493,200,0.9056
34,25.5000,1.705307,200,0.9029
35,37.4500,1.652418,200,0.9002
36,-30.6000,1.626048,200,0.8975
37,15.9000,1.722704,200,0.8948
38,-16.2000,2.717369,200,0.8921
39,10.9500,2.352621,200,0.8894
40,37.2000,2.118656,200,0.8868
41,1.2000,1.982603,200,0.8841
42,2.0500,2.931318,200,0.8814
43,49.8000,3.085356,200,0.8788
44,12.0000,2.599788,200,0.8762
45,36.3000,3.463916,200,0.8735
46,-19.1000,3.025356,200,0.8709
47,-1.2000,3.550251,200,0.8683
48,46.1500,4.282402,200,0.8657
49,32.4500,3.500653,200,0.8631
50,22.2000,3.752943,200,0.8605
51,41.1000,3.756775,200,0.8579
52,23.7000,4.210524,200,0.8554
53,24.9000,4.474780,200,0.8528
54,41.4000,5.323736,200,0.8502
55,53.2000,4.179421,200,0.8477
56,18.2500,4.828359,200,0.8451
57,29.6500,5.605599,200,0.8426
58,41.8500,4.887769,200,0.8401
59,20.0500,6.383893,200,0.8376
60,5.5500,4.815418,200,0.8350
61,35.3500,4.998941,200,0.8325
62,30.3000,5.406741,200,0.8300
63,-11.4000,6.575268,200,0.8276
64,25.8000,6.165617,200,0.8251
65,35.8500,5.292704,200,0.8226
66,-7.1500,6.251916,200,0.8201
67,30.7000,6.098321,200,0.8177
68,33.2000,7.668553,200,0.8152
69,47.1500,7.417735,200,0.8128
70,14.4500,6.190065,200,0.8103
71,22.0000,7.852018,200,0.8079
72,25.8500,6.066903,200,0.8055
73,18.7000,6.911010,200,0.8031
74,21.1000,9.137493,200,0.8006
75,35.0000,7.246279,200,0.7982
76,26.4000,9.248551,200,0.7959
77,10.0000,5.703858,200,0.7935
78,37.5000,8.696934,200,0.7911
79,11.1500,7.207523,200,0.7887
80,20.7500,8.269159,200,0.7863
81,45.8500,6.137079,200,0.7840
82,56.7500,7.333962,200,0.7816
83,25.8000,9.628524,200,0.7793
84,43.8000,7.829914,200,0.7770
85,33.6000,9.555469,200,0.7746
86,7.3000,7.315819,200,0.7723
87,22.8000,7.663807,200,0.7700
88,25.4000,10.850261,200,0.7677
89,45.8000,9.750579,200,0.7654
90,30.4500,8.823323,200,0.7631
91,57.0500,8.806767,200,0.7608
92,48.3000,10.575101,200,0.7585
93,39.0000,9.745142,200,0.7562
94,48.3500,9.627672,200,0.7540
95,52.4500,10.163733,200,0.7517
96,43.8000,10.230242,200,0.7494
97,41.2000,9.491649,200,0.7472
98,44.4500,10.943686,200,0.7449
99,42.4500,11.707717,200,0.7427
100,65.7500,11.586429,200,0.7405
101,66.9000,10.661911,200,0.7383
102,50.0000,11.732682,200,0.7360
103,53.5500,11.470515,200,0.7338
104,40.1000,15.170768,200,0.7316
105,24.1000,10.907061,200,0.7294
106,69.8500,12.426482,200,0.7273
107,73.6500,13.768178,200,0.7251
108,51.6000,13.082453,200,0.7229
109,35.1000,15.339823,200,0.7207
110,28.1000,17.166189,200,0.7186
111,51.7500,14.245951,200,0.7164
112,58.4000,12.838862,200,0.7143
113,68.7500,13.107133,200,0.7121
114,26.9000,15.446550,200,0.7100
115,57.3000,15.151175,200,0.7079
116,38.5000,14.780568,200,0.7057
117,16.0000,13.997936,200,0.7036
118,8.3000,14.165696,200,0.7015
119,36.4500,14.823922,200,0.6994
120,47.0500,14.909904,200,0.6973
121,45.0000,16.864890,200,0.6952
122,41.9000,14.484601,200,0.6931
123,45.2000,14.616853,200,0.6910
124,25.5000,14.745805,200,0.6890
125,61.6500,15.068191,200,0.6869
126,41.3000,14.417477,200,0.6848
127,51.5500,18.150314,200,0.6828
128,53.5000,15.653910,200,0.6807
129,33.4000,17.976105,200,0.6787
130,52.1500,17.388601,200,0.6767
131,32.4000,16.440114,200,0.6746
132,51.4000,17.096054,200,0.6726
133,50.6500,13.305305,200,0.6706
134,24.5000,16.357385,200,0.6686
135,72.1000,13.839023,200,0.6666
136,72.7000,18.767021,200,0.6646
137,51.5500,17.954716,200,0.6626
138,58.6000,19.218873,200,0.6606
139,28.9000,18.999838,200,0.6586
140,26.5000,18.410244,200,0.6566
141,75.0500,18.549315,200,0.6547
142,60.6000,16.104965,200,0.6527
143,44.1000,16.939624,200,0.6507
144,57.0000,16.189456,200,0.6488
145,41.8000,21.364770,200,0.6468
146,62.7000,18.404517,200,0.6449
147,41.1000,16.977620,200,0.6430
148,73.2000,19.127528,200,0.6410
149,39.9000,19.250652,200,0.6391
150,53.0000,19.931327,200,0.6372
151,57.2000,20.464284,200,0.6353
152,58.0000,22.207564,200,0.6334
153,45.2000,22.419458,200,0.6315
154,61.5000,16.395064,200,0.6296
155,48.5000,22.837977,200,0.6277
156,40.9000,24.571734,200,0.6258
157,79.2500,19.163625,200,0.6239
158,78.2500,19.881275,200,0.6221
159,83.6000,23.383677,200,0.6202
160,45.6000,23.880594,200,0.6183
161,88.4000,22.817412,200,0.6165
162,51.7000,19.049895,200,0.6146
163,86.3000,18.513380,200,0.6128
164,73.0000,20.798761,200,0.6110
165,71.3000,23.692280,200,0.6091
166,65.0000,21.750465,200,0.6073
167,72.8000,23.998743,200,0.6055
168,78.6500,22.011612,200,0.6037
169,40.5000,22.106134,200,0.6018
170,59.8500,25.792668,200,0.6000
171,68.4500,22.085413,200,0.5982
172,70.5000,22.278526,200,0.5964
173,51.9000,23.891513,200,0.5947
174,37.5000,22.087944,200,0.5929
175,68.3000,24.993606,200,0.5911
176,53.5000,21.842844,200,0.5893
177,63.8000,24.118785,200,0.5875
178,91.7000,22.758057,200,0.5858
179,84.0000,24.149079,200,0.5840
180,60.7000,25.286207,200,0.5823
181,52.4000,24.278574,200,0.5805
182,92.1500,21.102367,200,0.5788
183,81.5000,25.871629,200,0.5771
184,46.7000,18.531876,200,0.5753
185,82.0000,23.541619,200,0.5736
186,53.2000,22.578762,200,0.5719
187,79.6000,26.228662,200,0.5702
188,57.9000,23.712491,200,0.5684
189,50.5000,25.794244,200,0.5667
190,85.6000,22.693354,200,0.5650
191,79.8000,27.247486,200,0.5633
192,69.0000,27.400961,200,0.5617
193,60.2000,24.548050,200,0.5600
194,75.8000,28.118977,200,0.5583
195,59.5000,19.336190,200,0.5566
196,72.7000,27.094705,200,0.5549
197,76.4000,25.095101,200,0.5533
198,89.2500,19.029873,200,0.5516
199,68.0000,25.885360,200,0.5500
200,77.2000,22.484919,200,0.5483
201,76.0000,28.657927,200,0.5467
202,74.5000,26.423750,200,0.5450
203,76.9000,25.628783,200,0.5434
204,85.8000,26.385340,200,0.5418
205,86.4000,26.408741,200,0.5401
206,81.4000,30.758164,200,0.5385
207,80.0000,25.505711,200,0.5369
208,84.0000,26.396120,200,0.5353
209,58.6000,24.027507,200,0.5337
210,95.4500,24.708274,200,0.5321
211,85.3500,28.143054,200,0.5305
212,83.6500,25.644095,200,0.5289
213,69.8000,27.522932,200,0.5273
214,101.9000,19.284374,200,0.5257
215,89.3000,29.213227,200,0.5242
216,88.5500,23.166938,200,0.5226
217,75.3000,24.103324,200,0.5210
218,85.6000,22.665772,200,0.5195
219,78.4000,25.679974,200,0.5179
220,78.2000,22.806675,200,0.5163
221,106.3000,22.873336,200,0.5148
222,66.5000,31.867471,200,0.5132
223,85.4000,24.324174,200,0.5117
224,67.7000,27.579675,200,0.5102
225,71.1000,24.179855,200,0.5086
226,70.7000,22.352320,200,0.5071
227,78.0500,21.394564,200,0.5056
228,74.9000,27.473621,200,0.5041
229,71.9000,31.060367,200,0.5026
230,76.6000,28.152859,200,0.5011
231,76.9000,35.126378,200,0.4996
232,77.4000,29.216605,200,0.4981
233,79.1000,29.014379,200,0.4966
234,68.6000,29.189264,200,0.4951
235,97.5000,30.731318,200,0.4936
236,109.2000,25.623045,200,0.4921
237,98.6000,26.940226,200,0.4906
238,89.7000,30.553336,200,0.4892
239,100.2500,30.197085,200,0.4877
240,74.0000,24.555240,200,0.4862
241,78.9000,30.517854,200,0.4848
242,101.4500,26.736923,200,0.4833
243,90.7000,32.215282,200,0.4819
244,113.1000,24.139444,200,0.4804
245,101.1000,27.608209,200,0.4790
246,98.5000,23.069213,200,0.4775
247,99.9500,26.407624,200,0.4761
248,109.2000,28.549179,200,0.4747
249,99.1000,26.586714,200,0.4733
250,101.4000,32.006354,200,0.4718
251,95.4000,28.012448,200,0.4704
252,108.0000,29.404796,200,0.4690
253,116.3000,29.003423,200,0.4676
254,73.8000,32.594866,200,0.4662
255,69.7000,30.760925,200,0.4648
256,88.8000,30.337980,200,0.4634
257,80.7000,31.469515,200,0.4620
258,79.5000,34.994049,200,0.4606
259,102.4000,31.407858,200,0.4592
260,115.9000,30.645638,200,0.4579
261,98.8000,29.336741,200,0.4565
262,92.6000,38.204901,200,0.4551
263,87.0000,27.484964,200,0.4538
264,112.8000,34.780039,200,0.4524
265,94.5000,27.613607,200,0.4510
266,90.3000,38.618711,200,0.4497
267,114.7000,30.036940,200,0.4483
268,92.7000,39.628926,200,0.4470
269,71.8000,31.561081,200,0.4457
270,87.1000,30.530565,200,0.4443
271,95.6000,33.448318,200,0.4430
272,100.9000,34.580061,200,0.4417
273,100.1000,34.255008,200,0.4403
274,116.5000,35.478999,200,0.4390
275,72.4000,32.884613,200,0.4377
276,92.0000,30.534175,200,0.4364
277,100.4000,30.722222,200,0.4351
278,90.3000,27.814337,200,0.4338
279,122.2000,31.471828,200,0.4325
280,117.5000,26.459566,200,0.4312
281,94.1000,38.748711,200,0.4299
282,77.9000,40.394477,200,0.4286
283,81.4000,36.506001,200,0.4273
284,122.8500,27.711628,200,0.4260
285,95.6000,30.334132,200,0.4247
286,108.6500,35.629707,200,0.4235
287,102.7500,28.759653,200,0.4222
288,121.9500,30.500661,200,0.4209
289,113.6000,37.471267,200,0.4197
290,104.1500,33.853129,200,0.4184
291,82.5000,37.323601,200,0.4171
292,120.0000,35.773808,200,0.4159
293,86.5000,35.379053,200,0.4146
294,71.7000,44.296638,200,0.4134
295,108.4500,33.458891,200,0.4122
296,110.9000,38.591348,200,0.4109
297,112.3000,32.177263,200,0.4097
298,120.5000,36.028093,200,0.4085
299,106.9000,30.115480,200,0.4072
300,105.3500,40.501417,200,0.4060
301,104.5000,39.366456,200,0.4048
302,94.0000,33.775890,200,0.4036
303,99.9000,48.991654,200,0.4024
304,98.4000,30.935428,200,0.4012
305,120.1000,33.553653,200,0.4000
306,115.9000,34.086802,200,0.3988
307,86.2000,30.767457,200,0.3976
308,114.4500,40.005741,200,0.3964
309,85.6000,32.787685,200,0.3952
310,82.5000,40.151796,200,0.3940
311,104.9000,41.007298,200,0.3928
312,106.1000,27.488507,200,0.3916
313,107.0000,33.666507,200,0.3905
314,98.7500,43.213529,200,0.3893
315,103.9000,38.304159,200,0.3881
316,82.9000,35.474314,200,0.3870
317,98.6000,33.970144,200,0.3858
318,110.1500,33.387147,200,0.3846
319,119.6500,38.378228,200,0.3835
320,126.1000,33.939918,200,0.3823
321,124.7500,36.083423,200,0.3812
322,114.9500,43.539127,200,0.3801
323,135.1000,36.322408,200,0.3789
324,116.5000,31.261026,200,0.3778
325,105.7000,45.870394,200,0.3766
326,93.7000,31.986929,200,0.3755
327,121.3000,30.339931,200,0.3744
328,107.5000,35.033665,200,0.3733
329,115.0000,34.911939,200,0.3721
330,122.5000,34.208533,200,0.3710
331,103.1500,41.407527,200,0.3699
332,111.0000,45.025599,200,0.3688
333,102.8000,39.570124,200,0.3677
334,123.7000,35.178278,200,0.3666
335,111.8500,33.760095,200,0.3655
336,121.3000,31.319898,200,0.3644
337,138.4000,42.648485,200,0.3633
338,100.8000,38.389180,200,0.3622
339,130.4000,26.661172,200,0.3611
340,114.7000,38.690144,200,0.3600
341,119.8000,36.848532,200,0.3590
342,120.1000,37.378179,200,0.3579
343,113.2000,34.714797,200,0.3568
344,117.7500,36.683238,200,0.3557
345,119.8000,36.739257,200,0.3547
346,116.0000,31.784314,200,0.3536
347,113.9000,35.215409,200,0.3525
348,103.7000,39.435958,200,0.3515
349,107.6000,41.030143,200,0.3504
350,123.5000,31.197093,200,0.3494
351,113.9000,41.930301,200,0.3483
352,129.2000,44.267795,200,0.3473
353,81.8000,44.156887,200,0.3463
354,113.5500,37.264480,200,0.3452
355,130.6000,34.753794,200,0.3442
356,123.3500,38.515477,200,0.3431
357,124.3000,42.363133,200,0.3421
358,137.9000,34.435644,200,0.3411
359,113.4000,43.603861,200,0.3401
360,141.7000,38.227751,200,0.3390
361,135.3000,33.341964,200,0.3380
362,136.9000,28.104877,200,0.3370
363,102.5000,29.949798,200,0.3360
364,127.7000,39.677504,200,0.3350
365,131.0000,31.606625,200,0.3340
366,117.7000,42.625495,200,0.3330
367,144.1000,37.901473,200,0.3320
368,130.4000,37.097572,200,0.3310
369,133.4000,40.803763,200,0.3300
370,121.9000,38.156911,200,0.3290
371,131.9000,36.274137,200,0.3280
372,145.5000,35.264920,200,0.3270
373,127.9000,30.792648,200,0.3261
374,127.7000,34.587709,200,0.3251
375,108.2000,41.193539,200,0.3241
376,128.4000,41.342525,200,0.3231
377,128.3000,32.078188,200,0.3222
378,132.6000,31.576291,200,0.3212
379,129.9000,36.196995,200,0.3202
380,123.0000,44.339331,200,0.3193
381,122.4000,37.009304,200,0.3183
382,134.1000,45.888298,200,0.3174
383,120.0000,48.404286,200,0.3164
384,149.9000,29.578421,200,0.3155
385,134.7000,31.073303,200,0.3145
386,108.3000,35.519631,200,0.3136
387,104.9000,41.742914,200,0.3126
388,116.4000,35.755603,200,0.3117
389,126.3000,36.664008,200,0.3108
390,123.2000,39.653123,200,0.3098
391,142.0000,42.194766,200,0.3089
392,103.7000,35.201851,200,0.3080
393,126.3000,32.690477,200,0.3070
394,133.8500,40.317061,200,0.3061
395,112.0000,31.589878,200,0.3052
396,129.3000,35.362004,200,0.3043
397,140.7500,42.045409,200,0.3034
398,161.2000,35.265600,200,0.3025
399,131.2000,28.995366,200,0.3016
400,136.2000,34.240682,200,0.3007
401,137.2000,27.485651,200,0.2997
402,127.4500,40.090102,200,0.2989
403,131.7000,38.193442,200,0.2980
404,137.5000,35.310528,200,0.2971
405,126.8000,38.027535,200,0.2962
406,123.4000,32.221554,200,0.2953
407,119.7000,30.820613,200,0.2944
408,151.3000,32.728147,200,0.2935
409,137.4000,40.727271,200,0.2926
410,143.3000,33.183456,200,0.2918
411,116.0000,42.753131,200,0.2909
412,142.1000,37.702270,200,0.2900
413,141.8000,29.802685,200,0.2891
414,134.5000,39.597349,200,0.2883
415,121.4000,34.754338,200,0.2874
416,134.7000,41.151548,200,0.2865
417,133.7500,54.366301,200,0.2857
418,133.2000,32.330031,200,0.2848
419,115.4000,35.411028,200,0.2840
420,135.4000,42.783582,200,0.2831
421,139.3000,32.935303,200,0.2823
422,133.7000,38.991157,200,0.2814
423,135.1000,31.003164,200,0.2806
424,144.1000,28.629990,200,0.2797
425,127.7000,35.389186,200,0.2789
426,152.3000,38.839813,200,0.2781
427,148.5000,31.717310,200,0.2772
428,159.1000,40.012751,200,0.2764
429,147.3000,39.082682,200,0.2756
430,140.9000,35.239033,200,0.2747
431,133.1000,40.547124,200,0.2739
432,135.1000,39.157716,200,0.2731
433,127.7000,39.544739,200,0.2723
434,141.3500,32.531339,200,0.2715
435,130.0000,30.802120,200,0.2706
436,139.9000,43.443756,200,0.2698
437,128.1000,41.719090,200,0.2690
438,139.8500,34.402155,200,0.2682
439,120.3000,41.098563,200,0.2674
440,151.4500,44.995681,200,0.2666
441,122.5000,43.106083,200,0.2658
442,126.3000,26.368871,200,0.2650
443,141.6000,37.624151,200,0.2642
444,135.9000,39.530172,200,0.2634
445,148.6000,41.335450,200,0.2626
446,142.3500,42.987907,200,0.2618
447,137.4000,47.099053,200,0.2611
448,147.8000,35.338095,200,0.2603
449,126.0500,42.461727,200,0.2595
450,140.5500,47.274731,200,0.2587
451,142.9000,44.185865,200,0.2579
452,138.7000,38.486234,200,0.2572
453,115.9000,42.761267,200,0.2564
454,131.3000,37.346338,200,0.2556
455,126.6000,34.797624,200,0.2549
456,147.3000,44.544265,200,0.2541
457,136.4000,39.732219,200,0.2533
458,135.2500,32.732456,200,0.2526
459,137.0000,34.969465,200,0.2518
460,171.4000,29.348830,200,0.2511
461,133.7000,39.154086,200,0.2503
462,155.4000,34.358209,200,0.2496
463,134.0000,32.978822,200,0.2488
464,126.9000,34.511676,200,0.2481
465,147.4500,36.353222,200,0.2473
466,128.6500,39.375990,200,0.2466
467,149.0000,27.282325,200,0.2458
468,141.2000,40.415912,200,0.2451
469,133.3000,39.158781,200,0.2444
470,131.2500,40.474767,200,0.2436
471,145.2000,33.843612,200,0.2429
472,141.9000,29.477830,200,0.2422
473,130.5000,40.214219,200,0.2414
474,139.3000,37.392056,200,0.2407
475,151.3000,30.807620,200,0.2400
476,169.9000,43.541659,200,0.2393
477,146.1000,36.348354,200,0.2386
478,127.0000,47.786193,200,0.2378
479,150.9000,40.120268,200,0.2371
480,152.7000,33.197858,200,0.2364
481,146.9000,41.818088,200,0.2357
482,154.8000,38.560364,200,0.2350
483,140.0000,36.785712,200,0.2343
484,160.9000,41.648457,200,0.2336
485,134.0000,43.957824,200,0.2329
486,157.5000,33.949147,200,0.2322
487,119.1000,38.247397,200,0.2315
488,136.7000,39.115177,200,0.2308
489,137.2000,48.990278,200,0.2301
490,167.0000,34.865490,200,0.2294
491,151.6000,32.239606,200,0.2287
492,127.0500,43.489863,200,0.2280
493,129.6000,34.260006,200,0.2274
494,125.2000,36.630497,200,0.2267
495,164.5000,39.756890,200,0.2260
496,148.5000,39.107190,200,0.2253
497,153.0000,37.155204,200,0.2246
498,144.7500,39.415046,200,0.2240
499,150.2000,32.497955,200,0.2233
500,148.4000,43.668362,200,0.2226
501,137.6000,47.262006,200,0.2220
502,143.5500,35.878253,200,0.2213
503,159.8000,37.882899,200,0.2206
504,157.8000,38.654447,200,0.2200
505,137.9000,34.370381,200,0.2193
506,127.6500,49.717301,200,0.2187
507,155.2500,37.301645,200,0.2180
508,124.0000,40.481274,200,0.2173
509,167.4500,48.567962,200,0.2167
510,136.1000,36.683636,200,0.2160
511,146.2500,45.163202,200,0.2154
512,137.1000,46.688853,200,0.2147
513,138.7000,31.576515,200,0.2141
514,144.7000,45.019250,200,0.2135
515,163.1000,44.876167,200,0.2128
516,153.6000,40.580388,200,0.2122
517,142.9000,39.529914,200,0.2115
518,155.4000,39.505761,200,0.2109
519,158.8000,40.287083,200,0.2103
520,146.1000,39.120728,200,0.2096
521,153.5500,43.103125,200,0.2090
522,146.6000,37.422546,200,0.2084
523,142.3500,38.733312,200,0.2078
524,136.4000,47.142504,200,0.2071
525,152.0000,41.881835,200,0.2065
526,139.9000,38.276576,200,0.2059
527,141.0500,40.609814,200,0.2053
528,147.4000,45.309655,200,0.2047
529,146.4500,44.126622,200,0.2041
530,145.8000,47.436904,200,0.2034
531,170.0000,45.219722,200,0.2028
532,142.5000,41.887081,200,0.2022
533,168.1000,40.520472,200,0.2016
534,157.6000,42.959628,200,0.2010
535,164.8000,42.587115,200,0.2004
536,171.0000,47.983057,200,0.1998
537,152.2500,40.649736,200,0.1992
538,163.5000,40.496623,200,0.1986
539,143.3500,38.219041,200,0.1980
540,153.6000,44.075590,200,0.1974
541,151.1000,43.310296,200,0.1968
542,142.7000,45.988744,200,0.1962
543,155.7500,42.096960,200,0.1956
544,159.4000,40.314948,200,0.1951
545,156.8000,47.842542,200,0.1945
546,160.3000,43.809355,200,0.1939
547,163.5000,36.731998,200,0.1933
548,146.9000,51.944771,200,0.1927
549,149.6000,45.596350,200,0.1922
550,165.3000,46.542297,200,0.1916
551,142.3000,28.679603,200,0.1910
552,160.9000,36.989717,200,0.1904
553,155.6000,41.477337,200,0.1899
554,164.0000,44.203606,200,0.1893
555,163.9000,41.437239,200,0.1887
556,164.3000,45.829561,200,0.1882
557,140.4000,42.759088,200,0.1876
558,139.0000,48.451077,200,0.1870
559,152.3500,33.432421,200,0.1865
560,161.3000,42.537770,200,0.1859
561,162.4000,39.045150,200,0.1853
562,115.2000,52.415066,200,0.1848
563,152.2000,49.656551,200,0.1842
564,169.3000,42.727610,200,0.1837
565,154.2000,45.860129,200,0.1831
566,167.8000,44.699578,200,0.1826
567,160.8000,43.988678,200,0.1820
568,158.5000,36.484830,200,0.1815
569,155.7500,54.797604,200,0.1809
570,149.0500,34.101336,200,0.1804
571,168.4000,37.913364,200,0.1799
572,162.0000,34.641575,200,0.1793
573,158.0000,42.845780,200,0.1788
574,154.5500,43.083652,200,0.1782
575,171.6000,48.930648,200,0.1777
576,156.3000,40.811016,200,0.1772
577,162.4000,50.234165,200,0.1766
578,147.7500,43.700669,200,0.1761
579,169.2000,41.658989,200,0.1756
580,151.9000,40.922305,200,0.1751
581,159.1500,41.548521,200,0.1745
582,184.4500,40.475579,200,0.1740
583,158.4000,35.988296,200,0.1735
584,162.0000,30.498341,200,0.1730
585,163.7000,37.572477,200,0.1725
586,158.4000,49.399318,200,0.1719
587,169.7000,41.571830,200,0.1714
588,157.7000,37.953958,200,0.1709
589,177.8000,31.652645,200,0.1704
590,150.5000,46.285468,200,0.1699
591,146.4500,44.966819,200,0.1694
592,137.8500,45.502396,200,0.1689
593,162.2000,47.302608,200,0.1684
594,167.4000,39.006176,200,0.1679
595,153.3000,36.636400,200,0.1673
596,163.1000,43.238573,200,0.1668
597,167.1000,35.608083,200,0.1663
598,165.3000,40.147052,200,0.1658
599,149.7000,41.524769,200,0.1653
600,162.8000,44.175693,200,0.1649
601,148.3500,42.828152,200,0.1644
602,138.8000,32.962959,200,0.1639
603,169.6000,34.411769,200,0.1634
604,151.5000,47.160513,200,0.1629
605,177.8000,40.461656,200,0.1624
606,160.8000,38.328674,200,0.1619
607,142.6000,50.472490,200,0.1614
608,167.4000,40.305591,200,0.1609
609,167.8000,40.327085,200,0.1605
610,163.9500,39.113440,200,0.1600
611,166.0000,34.115403,200,0.1595
612,161.0500,36.943241,200,0.1590
613,152.8000,42.277243,200,0.1585
614,167.9000,38.595314,200,0.1581
615,170.4000,47.900760,200,0.1576
616,153.9000,38.744605,200,0.1571
617,160.6000,39.539097,200,0.1566
618,151.4000,49.750342,200,0.1562
619,156.6500,41.319225,200,0.1557
620,152.6500,38.518684,200,0.1552
621,175.0000,43.066891,200,0.1548
622,153.6000,36.179486,200,0.1543
623,157.6000,31.878585,200,0.1538
624,177.6500,40.245845,200,0.1534
625,157.5000,46.755073,200,0.1529
626,162.0500,41.396846,200,0.1525
627,170.0000,53.000833,200,0.1520
628,170.8000,33.230961,200,0.1516
629,187.2000,35.061489,200,0.1511
630,164.8000,44.939439,200,0.1506
631,166.7000,40.666419,200,0.1502
632,173.8000,36.194500,200,0.1497
633,163.5500,39.852335,200,0.1493
634,162.3500,39.298213,200,0.1488
635,178.6000,43.087297,200,0.1484
636,171.9000,35.727048,200,0.1480
637,172.2000,34.505168,200,0.1475
638,161.0500,38.877543,200,0.1471
639,165.0000,40.034615,200,0.1466
640,161.9000,46.191897,200,0.1462
641,174.7000,44.761018,200,0.1457
642,167.1000,41.305655,200,0.1453
643,166.0000,40.833923,200,0.1449
644,185.6000,36.785028,200,0.1444
645,180.0000,29.116982,200,0.1440
646,146.1000,37.686377,200,0.1436
647,149.9000,39.952621,200,0.1431
648,150.2000,43.220296,200,0.1427
649,152.5500,40.326111,200,0.1423
650,162.0000,44.079998,200,0.1419
651,168.0000,36.490033,200,0.1414
652,158.6000,39.493735,200,0.1410
653,160.8000,40.758310,200,0.1406
654,173.1000,43.174476,200,0.1402
655,175.7000,44.308369,200,0.1397
656,171.0000,32.332165,200,0.1393
657,175.9500,38.288461,200,0.1389
658,157.4000,40.139517,200,0.1385
659,175.0000,40.128023,200,0.1381
660,165.7000,43.755106,200,0.1377
661,158.0000,44.965482,200,0.1372
662,177.8000,29.796930,200,0.1368
663,161.1000,35.215611,200,0.1364
664,176.9000,37.076498,200,0.1360
665,167.1000,30.048469,200,0.1356
666,182.9500,38.407001,200,0.1352
667,164.5000,40.833653,200,0.1348
668,173.5000,34.419427,200,0.1344
669,182.3000,34.391355,200,0.1340
670,170.2000,41.126033,200,0.1336
671,162.5000,37.320390,200,0.1332
672,164.0000,48.065349,200,0.1328
673,170.7000,39.620379,200,0.1324
674,167.4500,27.841418,200,0.1320
675,158.2000,38.095282,200,0.1316
676,171.6500,40.526404,200,0.1312
677,161.7000,38.960907,200,0.1308
678,175.5000,32.515172,200,0.1304
679,168.1000,39.487414,200,0.1300
680,181.1000,36.757336,200,0.1296
681,162.5000,41.772378,200,0.1292
682,180.3000,39.554627,200,0.1289
683,186.5000,45.879163,200,0.1285
684,161.4000,42.446849,200,0.1281
685,164.0000,48.607768,200,0.1277
686,164.4500,47.775648,200,0.1273
687,170.1000,37.269068,200,0.1269
688,172.6000,36.752438,200,0.1266
689,176.1000,30.514258,200,0.1262
690,159.3500,39.055694,200,0.1258
691,163.7000,48.703215,200,0.1254
692,174.4000,30.222309,200,0.1250
693,152.3000,40.474802,200,0.1247
694,169.9000,33.137929,200,0.1243
695,175.1000,46.027444,200,0.1239
696,188.5000,38.986666,200,0.1235
697,175.8000,34.734859,200,0.1232
698,156.6000,32.738182,200,0.1228
699,180.2000,27.433914,200,0.1224
700,174.1000,33.619282,200,0.1221
701,169.1000,37.513509,200,0.1217
702,184.4500,30.873137,200,0.1213
703,160.0000,39.828838,200,0.1210
704,175.9000,35.838187,200,0.1206
705,169.2000,41.742315,200,0.1203
706,178.0000,46.008602,200,0.1199
707,172.2500,35.881557,200,0.1195
708,164.1000,44.388004,200,0.1192
709,187.3000,33.313333,200,0.1188
710,181.3000,39.728850,200,0.1185
711,161.0000,38.678770,200,0.1181
712,177.6500,37.601018,200,0.1177
713,173.6000,37.419131,200,0.1174
714,185.1000,38.221349,200,0.1170
715,167.9000,37.179217,200,0.1167
716,179.7000,38.066057,200,0.1163
717,179.0000,41.067408,200,0.1160
718,175.4000,33.289471,200,0.1156
719,182.7500,40.705465,200,0.1153
720,168.0500,47.719042,200,0.1150
721,176.9000,39.481460,200,0.1146
722,175.0000,43.311230,200,0.1143
723,176.2000,41.570721,200,0.1139
724,179.5000,48.351172,200,0.1136
725,185.9000,41.239601,200,0.1132
726,164.9000,40.058238,200,0.1129
727,174.8000,32.841181,200,0.1126
728,175.3000,42.819370,200,0.1122
729,131.8500,41.727920,200,0.1119
730,179.6500,41.929712,200,0.1115
731,170.9500,37.458135,200,0.1112
732,161.4000,47.425867,200,0.1109
733,175.8000,33.655059,200,0.1105
734,164.0000,40.169905,200,0.1102
735,174.5500,38.252611,200,0.1099
736,183.6000,37.824178,200,0.1096
737,185.3000,44.385757,200,0.1092
738,170.4000,37.693987,200,0.1089
739,177.2000,30.843183,200,0.1086
740,174.4000,43.765388,200,0.1082
741,171.6000,43.488316,200,0.1079
742,162.1000,38.798855,200,0.1076
743,183.3000,37.588297,200,0.1073
744,183.5000,41.541380,200,0.1070
745,159.8500,43.305195,200,0.1066
746,177.3000,42.446857,200,0.1063
747,175.7000,44.860989,200,0.1060
748,180.7000,40.870374,200,0.1057
749,182.1000,43.494260,200,0.1054
750,171.2500,53.869465,200,0.1050
751,177.8000,37.165694,200,0.1047
752,184.4000,40.874789,200,0.1044
753,159.0000,33.896973,200,0.1041
754,165.2000,38.502415,200,0.1038
755,142.1000,57.954034,200,0.1035
756,165.8000,39.270164,200,0.1032
757,171.0500,42.832316,200,0.1029
758,166.8000,42.349450,200,0.1025
759,181.3000,37.611387,200,0.1022
760,173.5000,36.915564,200,0.1019
761,176.2000,37.382124,200,0.1016
762,172.8000,33.101561,200,0.1013
763,173.4000,31.559857,200,0.1010
764,169.8000,31.451821,200,0.1007
765,166.4000,30.813907,200,0.1004
766,173.4000,38.301762,200,0.1001
767,168.5500,35.546081,200,0.0998
768,176.3000,42.341022,200,0.0995
769,181.7000,36.392576,200,0.0992
770,180.7000,45.096564,200,0.0989
771,186.4000,41.923211,200,0.0986
772,153.6000,38.125494,200,0.0983
773,173.1000,30.048447,200,0.0980
774,172.7000,36.748485,200,0.0977
775,186.9000,30.729042,200,0.0974
776,177.1000,29.669162,200,0.0972
777,182.6000,37.408506,200,0.0969
778,154.8000,42.899022,200,0.0966
779,167.6000,42.359797,200,0.0963
780,166.7500,46.453536,200,0.0960
781,175.8500,39.680518,200,0.0957
782,165.6500,43.231044,200,0.0954
783,176.8000,26.798792,200,0.0951
784,181.9000,41.767456,200,0.0948
785,176.0500,37.968682,200,0.0946
786,174.1000,36.423624,200,0.0943
787,174.9000,31.805874,200,0.0940
788,165.9500,47.755483,200,0.0937
789,186.8000,29.622275,200,0.0934
790,175.1500,39.637635,200,0.0931
791,178.5000,38.133288,200,0.0929
792,164.9000,30.508948,200,0.0926
793,156.1500,44.773135,200,0.0923
794,178.4000,41.650939,200,0.0920
795,193.5500,37.025107,200,0.0918
796,168.7000,42.580475,200,0.0915
797,174.5000,35.023733,200,0.0912
798,175.2500,37.499572,200,0.0909
799,181.2000,38.275338,200,0.0907
800,178.4000,36.818362,200,0.0904
801,180.8000,39.925335,200,0.0901
802,181.4000,40.367820,200,0.0898
803,192.0500,35.678640,200,0.0896
804,186.5000,35.726542,200,0.0893
805,168.1000,37.552977,200,0.0890
806,185.0000,40.654078,200,0.0888
807,185.3000,35.189906,200,0.0885
808,184.0000,48.572506,200,0.0882
809,195.6000,38.348963,200,0.0880
810,164.9000,44.545439,200,0.0877
811,187.0000,36.144386,200,0.0875
812,190.1000,45.469816,200,0.0872
813,197.1000,33.016088,200,0.0869
814,189.9000,38.401921,200,0.0867
815,182.8500,38.134483,200,0.0864
816,186.6000,40.779319,200,0.0861
817,174.4000,39.969449,200,0.0859
818,199.0000,33.025694,200,0.0856
819,185.3000,39.947066,200,0.0854
820,181.4000,44.194792,200,0.0851
821,178.7000,30.290690,200,0.0849
822,173.3000,33.933668,200,0.0846
823,187.2000,43.148112,200,0.0844
824,193.6500,38.392083,200,0.0841
825,187.9000,43.823577,200,0.0839
826,188.8000,34.938147,200,0.0836
827,163.9000,43.552155,200,0.0833
828,187.4000,35.068425,200,0.0831
829,176.6000,45.533765,200,0.0828
830,175.0000,39.946625,200,0.0826
831,188.0000,43.720323,200,0.0824
832,183.7000,37.540636,200,0.0821
833,177.0000,41.125425,200,0.0819
834,190.8000,37.449382,200,0.0816
835,176.4000,39.340738,200,0.0814
836,180.5000,40.275806,200,0.0811
837,165.6000,35.874725,200,0.0809
838,172.0000,41.340850,200,0.0806
839,179.4000,33.360473,200,0.0804
840,182.7000,37.117112,200,0.0802
841,180.4000,37.828260,200,0.0799
842,180.4000,38.810380,200,0.0797
843,163.0000,38.243160,200,0.0794
844,193.5500,33.963692,200,0.0792
845,187.5000,33.323877,200,0.0790
846,171.5000,42.100417,200,0.0787
847,160.0000,34.141905,200,0.0785
848,176.0000,37.435737,200,0.0783
849,186.0000,50.450274,200,0.0780
850,189.4500,39.201797,200,0.0778
851,191.4000,39.173040,200,0.0775
852,188.0000,37.262774,200,0.0773
853,173.8500,39.747504,200,0.0771
854,186.2000,38.477142,200,0.0769
855,187.5000,35.350800,200,0.0766
856,185.9000,37.013781,200,0.0764
857,183.9000,37.555308,200,0.0762
858,150.4500,36.642276,200,0.0759
859,174.4000,35.304814,200,0.0757
860,172.1000,40.370212,200,0.0755
861,186.8000,39.670864,200,0.0753
862,181.6000,35.712063,200,0.0750
863,177.7000,45.029375,200,0.0748
864,162.8000,39.689214,200,0.0746
865,167.0000,39.185349,200,0.0744
866,191.5000,39.940706,200,0.0741
867,162.8000,35.326645,200,0.0739
868,179.3000,45.419050,200,0.0737
869,187.2000,40.458220,200,0.0735
870,182.4000,43.648662,200,0.0732
871,186.1000,37.409628,200,0.0730
872,199.5000,40.023778,200,0.0728
873,199.4000,44.387907,200,0.0726
874,186.7000,44.912250,200,0.0724
875,158.9000,32.830191,200,0.0722
876,170.5000,48.771897,200,0.0719
877,196.6000,44.272632,200,0.0717
878,195.9000,37.161557,200,0.0715
879,192.4000,42.988566,200,0.0713
880,173.6000,41.656913,200,0.0711
881,175.4000,34.132624,200,0.0709
882,182.2000,31.553938,200,0.0707
883,189.6000,30.896472,200,0.0704
884,187.3500,32.896229,200,0.0702
885,191.5000,39.974847,200,0.0700
886,195.7000,33.709440,200,0.0698
887,183.7000,32.471934,200,0.0696
888,171.8500,44.874858,200,0.0694
889,178.4000,43.410070,200,0.0692
890,161.8500,41.237451,200,0.0690
891,191.1000,42.469193,200,0.0688
892,179.4500,39.792121,200,0.0686
893,199.6500,41.126238,200,0.0684
894,192.2000,44.646853,200,0.0682
895,178.1000,49.833099,200,0.0679
896,188.5000,42.955342,200,0.0677
897,187.0000,36.231852,200,0.0675
898,171.4000,41.634629,200,0.0673
899,174.7500,41.766082,200,0.0671
900,181.4000,37.848726,200,0.0669
901,179.9000,39.455513,200,0.0667
902,192.7000,49.412327,200,0.0665
903,183.5000,51.404420,200,0.0663
904,180.4000,40.026675,200,0.0661
905,179.2000,46.148360,200,0.0659
906,167.6000,48.284519,200,0.0657
907,190.3000,37.002052,200,0.0655
908,173.3000,46.962649,200,0.0653
909,177.0000,46.769020,200,0.0651
910,192.0000,41.663813,200,0.0650
911,189.7000,32.655882,200,0.0648
912,180.3000,44.285389,200,0.0646
913,176.2000,46.449006,200,0.0644
914,186.8000,42.184513,200,0.0642
915,175.8000,54.652540,200,0.0640
916,194.7500,40.074993,200,0.0638
917,179.9500,49.112600,200,0.0636
918,177.8000,52.114828,200,0.0634
919,176.2000,42.752378,200,0.0632
920,186.7000,37.894000,200,0.0630
921,167.7000,37.365451,200,0.0628
922,182.6000,44.530267,200,0.0627
923,195.1000,53.124076,200,0.0625
924,171.5000,49.425527,200,0.0623
925,198.7000,35.345772,200,0.0621
926,183.3000,48.225296,200,0.0619
927,181.8500,43.732405,200,0.0617
928,186.0000,53.540093,200,0.0615
929,188.3500,51.122821,200,0.0613
930,196.8000,37.907591,200,0.0612
931,186.4000,55.953484,200,0.0610
932,181.8000,42.725787,200,0.0608
933,181.9000,38.737842,200,0.0606
934,183.9500,42.901509,200,0.0604
935,184.0000,46.064758,200,0.0603
936,187.8000,51.700064,200,0.0601
937,178.3000,38.835506,200,0.0599
938,193.2000,38.634700,200,0.0597
939,192.3000,48.103052,200,0.0595
940,182.8000,41.540672,200,0.0594
941,186.1500,42.538529,200,0.0592
942,180.6000,45.151014,200,0.0590
943,191.6000,39.179569,200,0.0588
944,179.0500,46.562460,200,0.0586
945,181.5000,54.056846,200,0.0585
946,169.0000,31.690393,200,0.0583
947,194.1000,41.901370,200,0.0581
948,187.3000,44.616365,200,0.0579
949,186.4000,47.716850,200,0.0578
950,186.4000,37.285965,200,0.0576
951,193.1000,41.299008,200,0.0574
952,173.0000,42.045673,200,0.0573
953,196.2000,43.185400,200,0.0571
954,193.6000,39.834922,200,0.0569
955,197.6000,43.742831,200,0.0567
956,187.4000,41.410996,200,0.0566
957,181.1000,40.527667,200,0.0564
958,188.0000,45.048733,200,0.0562
959,173.0000,46.939597,200,0.0561
960,185.7000,48.130667,200,0.0559
961,177.5000,39.945790,200,0.0557
962,196.7000,48.968326,200,0.0556
963,176.1000,36.672730,200,0.0554
964,190.1500,30.916272,200,0.0552
965,171.9000,44.640810,200,0.0551
966,190.9000,38.605839,200,0.0549
967,193.3000,49.855320,200,0.0547
968,190.4000,46.049737,200,0.0546
969,184.6000,49.451023,200,0.0544
970,181.1000,41.141273,200,0.0542
971,194.6000,47.106604,200,0.0541
972,191.7500,37.335244,200,0.0539
973,190.1000,36.301404,200,0.0538
974,192.4000,37.727726,200,0.0536
975,189.0000,34.201885,200,0.0534
976,200.8000,38.319269,200,0.0533
977,193.7000,37.914479,200,0.0531
978,194.8000,47.079090,200,0.0529
979,192.4000,35.326773,200,0.0528
980,196.6000,45.259096,200,0.0526
981,194.1000,39.536966,200,0.0525
982,191.5000,43.454821,200,0.0523
983,185.2000,45.182064,200,0.0522
984,190.7000,40.654420,200,0.0520
985,183.7000,49.248116,200,0.0518
986,188.5000,40.522120,200,0.0517
987,181.2000,38.416796,200,0.0515
988,185.5000,46.663643,200,0.0514
989,163.5000,49.362013,200,0.0512
990,185.6000,41.842988,200,0.0511
991,181.7000,42.581318,200,0.0509
992,192.8000,37.794548,200,0.0508
993,200.6000,36.842508,200,0.0506
994,184.2500,47.327291,200,0.0505
995,200.7000,40.087309,200,0.0503
996,182.8000,44.194484,200,0.0502
997,151.5500,42.493702,200,0.0500
998,190.0000,43.880100,200,0.0500
999,194.2000,52.542508,200,0.0500
1000,192.9000,38.418360,200,0.0500
